{
  "project_info": {
    "project_number": "640514693232",
    "project_id": "fluttermedinote",
    "storage_bucket": "fluttermedinote.appspot.com"
  },
  "client": [
    {
      "client_info": {
        "mobilesdk_app_id": "1:640514693232:android:9c69929d954e3758667cb5",
        "android_client_info": {
          "package_name": "com.datanote.flutter_medinote"
        }
      },
      "oauth_client": [
        {
          "client_id": "640514693232-fvsrscpr5d0rh9rno3jgb5irjblackll.apps.googleusercontent.com",
          "client_type": 1,
          "android_info": {
            "package_name": "com.datanote.flutter_medinote",
            "certificate_hash": "8c51033ba49dfeb32d348f8280415e221ecfd994"
          }
        },
        {
          "client_id": "640514693232-l5etntjg1de4lreqqi23jk7iho9pakur.apps.googleusercontent.com",
          "client_type": 3
        }
      ],
      "api_key": [
        {
          "current_key": "AIzaSyAax64oJfxnBP1kxSY8djWj7hsA3LJC2Ns"
        }
      ],
      "services": {
        "appinvite_service": {
          "other_platform_oauth_client": [
            {
              "client_id": "640514693232-l5etntjg1de4lreqqi23jk7iho9pakur.apps.googleusercontent.com",
              "client_type": 3
            }
          ]
        }
      }
    }
  ],
  "configuration_version": "1"
}